Reference, Quantity, Value, Footprint, Datasheet
AA1 AA3 AA5 ,3,"OUT_1_H","",""
AA2 AA4 AA6 ,3,"OUT_1_L","",""
C2 ,1,"4.5nF","",""
C3 C4 C5 ,3,"150uF","",""
C1 C10 C11 C12 C13 C15 C16 C17 C18 C19 C22 C23 C24 C27 C30 C31 C32 C33 C40 C41 C42 C6 C8 C9 ,24,"100nF","",""
C14 C20 C21 C25 C26 C28 C29 C34 C35 C36 C37 C38 C39 C7 ,14,"4.7uF","",""
C43 ,1,"27pF","",""
D3 ,1,"LNJ167W8RRA","",""
D1 D2 D4 D5 D6 ,5,"PMEG6030ETP","",""
J1 ,1,"POWER","",""
J3 ,1,"CURRENT","",""
J4 ,1,"I2C","",""
J5 ,1,"SPARE","",""
J6 ,1,"UART","",""
J7 ,1,"USB_B","",""
J8 ,1,"ISP","",""
J2 JP1 JP2 ,3,"HALL","",""
JP3 ,1,"I2C_SCL","",""
JP4 ,1,"SD","",""
JP5 ,1,"SHDN_SELECT","",""
L1 ,1,"68uH","",""
Q1 Q2 Q3 Q4 Q5 Q6 ,6,"IXFN110N60P3","",""
R1 ,1,"1M","",""
R12 R13 R14 R15 R16 ,5,"0R","",""
R17 ,1,"45.3k","",""
R18 ,1,"26k","",""
R20 R21 ,2,"27R","",""
R22 ,1,"6.8k","",""
R24 ,1,"500k","",""
R25 ,1,"68k","",""
R26 ,1,"12k","",""
R19 R23 R27 R46 ,4,"10k","",""
R29 R30 ,2,"180R","",""
R33 R34 R35 R36 R37 R38 ,6,"10R","",""
R10 R11 R2 R28 R3 R31 R32 R39 R4 R40 R41 R42 R43 R44 R5 R6 R7 R8 R9 ,19,"10K","",""
R45 ,1,"0.05R","",""
SW1 ,1,"~MCU_RST","",""
TP1 ,1,"CBUS1","",""
TP2 ,1,"CBUS2","",""
TP3 ,1,"CBUS3","",""
TP4 ,1,"VIN","",""
TP5 ,1,"+12V","",""
TP6 ,1,"12V_HLDP","",""
TP7 ,1,"5V_BUCK","",""
TVS1 ,1,"PRTR5V0U2X","",""
U1 ,1,"TPS22810","",""
U2 ,1,"LMR16010","",""
U3 ,1,"MCP6561","",""
U4 ,1,"FT230XS","",""
U5 ,1,"ATMEGA328PB-AU","Housings_QFP:TQFP-32_7x7mm_Pitch0.8mm",""
U6 ,1,"SN74LVC1G04-Q1","",""
U7 ,1,"LTC4413","",""
U8 ,1,"ECS-3961","",""
U10 U11 U9 ,3,"IR2110S","",""